"name","coefficient","class"
"(Intercept)",-7.48843278299122,"Never"
"cg14220678_BC11",0.0716682148411998,"Never"
"cg25916188_BC11",-0.233320097810543,"Never"
"cg18709349_BC11",-0.772162198480445,"Never"
"cg27414571_TC11",-1.20741356074331,"Never"
"cg25873934_BC11",0.064876312149448,"Never"
"cg17080709_BC11",0.275955496664468,"Never"
"cg26850624_TC11",-0.212640049734776,"Never"
"cg21322436_TC11",1.55685772651962,"Never"
"cg23908305_BC11",0.0788205374088426,"Never"
"cg06644428_TC11",3.17778061994072,"Never"
"cg05575921_BC11",10.067941435265,"Never"
"cg13937905_BC11",0.507430280000608,"Never"
"cg12138780_TC11",-0.135891740568748,"Never"
"cg01207684_TC11",0.206407957005377,"Never"
"cg21566642_BC11",4.72354737866913,"Never"
"cg23708337_TC11",-0.004247187389981,"Never"
"cg27639620_TC11",0.132786100121117,"Never"
"cg25820703_TC11",-0.099504605193569,"Never"
"cg15194935_TC11",-0.0405296552628656,"Never"
"cg12584450_BC11",-1.16851809022233,"Never"
"cg25074809_BC11",0.0434520592552329,"Never"
"cg27353825_BC11",-0.155440446220207,"Never"
"cg02812891_TC11",-0.398035339752638,"Never"
"cg09606495_TC11",0.052204131328757,"Never"
"cg17046289_TC11",-2.41209491925849,"Never"
"cg02448805_TC11",-0.182851462113282,"Never"
"cg23643980_TC11",-0.0598563201134875,"Never"
"cg22328208_TC11",-0.15969881050774,"Never"
"cg26746936_TC11",-0.719960395640725,"Never"
"cg09289148_TC11",-0.00696824239534448,"Never"
"cg25535047_TC11",0.02900605870468,"Never"
"cg05036635_BC11",-0.249473672992656,"Never"
"cg21865150_BC11",-0.0276043222533267,"Never"
"cg11537406_BC11",0.083946701096175,"Never"
"cg09997546_TC11",-0.0615476433833578,"Never"
"cg22526939_TC11",-0.140722931428972,"Never"
"cg24134897_BC11",-0.0228919607002726,"Never"
"cg04130455_TC11",-0.0259342364021974,"Never"
"cg10727171_TC11",0.0284643767692515,"Never"
"cg17919152_BC11",-0.0205729726268734,"Never"
"cg26767081_BC11",0.0561367397146132,"Never"
"cg16210248_BC11",0.00841253033916495,"Never"
"cg08713212_TC11",-4.61232320981091,"Never"
"cg18877525_TC11",0.0194481345787791,"Never"
"cg17035899_TC11",-0.0491764964070818,"Never"
"cg00455450_TC11",-0.346223081115368,"Never"
"cg27070162_BC11",-0.00172833345734737,"Never"
"cg19025234_TC11",-0.00668401847058808,"Never"
"cg22985016_BC11",0.0885546031844091,"Never"
"cg19911801_BC11",0.0715778029436959,"Never"
"cg00114084_TC11",0.407748643240442,"Never"
"cg17335199_BC11",-0.119572092565759,"Never"
"cg26316452_TC11",0.0674610335170827,"Never"
"cg06636831_BC11",-0.763531741257169,"Never"
"cg26220033_TC11",-2.64564850960449,"Never"
"cg05516012_BC11",-0.536663147835628,"Never"
"cg05753046_TC11",-1.55332344602092,"Never"
"cg02225599_BC11",-0.240657826300734,"Never"
"cg04346666_BC11",0.702984036103513,"Never"
"cg14205519_BC11",-0.380406593643631,"Never"
"cg07265873_TC11",-0.064831277154008,"Never"
"cg14273401_BC11",0.81381296597371,"Never"
"cg18460422_TC11",0.00786142346748552,"Never"
"cg06679296_BC11",0.0193066047871975,"Never"
"cg08898155_BC11",-0.0856212742613566,"Never"
"cg14621254_TC11",-0.183375383991131,"Never"
"cg24826355_BC11",0.762047016877673,"Never"
"cg24231558_BC11",-0.0139324016786053,"Never"
"cg04831806_TC11",-0.0123290629675316,"Never"
"cg23599460_TC11",2.03833126943912,"Never"
"cg25982965_TC11",0.00353768397559075,"Never"
"cg20603222_BC11",0.0522048924564819,"Never"
"cg18531164_BC11",-0.208211094933053,"Never"
"cg09423080_BC11",-1.14739281047412,"Never"
"cg08151623_BC11",-0.00358098028082252,"Never"
"cg04017458_TC11",-0.142753872866434,"Never"
"cg21086156_TC11",1.16323120413516,"Never"
"cg10171357_BC11",-0.184558789238291,"Never"
"cg15202738_BC11",-0.269541902242191,"Never"
"cg13836638_BC11",0.00924165523634266,"Never"
"cg18183042_TC11",0.00625170965251988,"Never"
"cg09355310_BC11",0.485904639220445,"Never"
"cg10193870_BC11",0.0148160782487954,"Never"
"cg14598306_BC11",2.03991972261487,"Never"
"cg24810836_BC11",0.59957615266581,"Never"
"cg24127748_BC11",0.101537393419122,"Never"
"cg06856480_TC11",0.0522983147664735,"Never"
"cg17729436_BC11",0.105680774859722,"Never"
"cg08089567_BC11",-0.00792627739591308,"Never"
"cg16792202_BC11",0.0435254055439159,"Never"
"cg02351840_BC11",-0.0156549182179274,"Never"
"cg27541540_BC11",0.255137897668589,"Never"
"cg10359929_TC11",3.91482239674942,"Never"
"cg26940573_BC11",0.064430219824081,"Never"
"cg19633863_BC21",-0.0164154359425376,"Never"
"cg10387416_BC21",-0.104505528697133,"Never"
"cg10455133_BC21",0.164821190999179,"Never"
"cg06819357_TC21",-0.0391020226508919,"Never"
"cg14330585_BC21",-0.0495392720407475,"Never"
"cg08239282_TC21",0.0328200685974247,"Never"
"cg08912155_BC21",1.86478463499366,"Never"
"cg08688393_BC21",0.12141091320965,"Never"
"cg13393793_TC21",-0.634853414052309,"Never"
"cg04462662_TC21",-0.0197701833227746,"Never"
"cg03636183_TC21",2.83073708899266,"Never"
"cg03863149_TC21",0.201515295165465,"Never"
"cg03919781_BC21",-1.62991533277418,"Never"
"cg21717724_TC21",0.00951973616545718,"Never"
"cg22289837_TC21",-0.139381224638844,"Never"
"cg01692968_TC21",0.590204638466717,"Never"
"cg19337279_BC21",-0.142876375854785,"Never"
"cg19572487_BC21",0.413983796803895,"Never"
"cg23771366_BC21",0.177455197082233,"Never"
"cg14977938_BC21",-0.202497237537456,"Never"
"cg15104484_BC21",0.907858175972076,"Never"
"cg01026009_TC21",0.0293084626162975,"Never"
"cg06690548_BC21",0.211572494516574,"Never"
"cg06821993_TC21",-0.0668508375525918,"Never"
"cg13552869_TC21",-0.0686708697600326,"Never"
"cg16112050_BC21",-0.0561796452509597,"Never"
"cg25949550_BC21",1.34179078882927,"Never"
"cg25955180_TC21",-0.386346267046301,"Never"
"cg05508558_TC21",-0.14724458723821,"Never"
"cg13063614_BC21",-0.154852762412859,"Never"
"cg26656113_BC21",0.0560710896154607,"Never"
"cg04481779_TC21",-0.0224629568245019,"Never"
"cg13918808_TC21",-0.0833046678280883,"Never"
"cg10142252_BC21",-0.00358405031923148,"Never"
"cg12696750_BC21",-0.090357778867082,"Never"
"cg01447660_TC21",-0.0552369581176757,"Never"
"cg15410835_TC21",0.0438342404236513,"Never"
"cg14753356_TC21",0.400910875712635,"Never"
"cg07251887_TC21",0.392131199406637,"Never"
"cg21649520_BC21",0.149728927361091,"Never"
"cg09395732_TC21",-0.0820950286344452,"Never"
"cg09182986_BC21",-2.05749115538354,"Never"
"cg25189904_BC21",0.738425146732269,"Never"
"cg11207515_BC21",-0.0200315662780101,"Never"
"cg19859270_BC21",9.73133387294242,"Never"
"cg03990195_BC21",0.129248250469675,"Never"
"cg12274567_TC21",-0.132055542145593,"Never"
"cg23480021_TC21",-0.459820683498899,"Never"
"cg00035347_BC21",0.201232916422739,"Never"
"cg00143376_TC21",-0.538758128432993,"Never"
"cg14654875_BC21",-0.0160509658325239,"Never"
"cg24719601_BC21",-0.611030723252933,"Never"
"cg11660018_BC21",0.159487576692863,"Never"
"cg11714014_BC21",-0.0848872181173121,"Never"
"cg09837977_TC21",0.824313846540715,"Never"
"cg26703534_BC21",-0.522141155392722,"Never"
"cg11333189_BC21",-0.0916846505511504,"Never"
"cg11540997_TC21",-0.232860888964721,"Never"
"cg17860800_BC21",-0.0428982543508334,"Never"
"cg00433159_BC21",-0.463782377556854,"Never"
"cg00447581_TC21",0.499912712933439,"Never"
"cg01020421_TC21",0.023048712302799,"Never"
"cg01020744_TC21",-0.0214568933331526,"Never"
"cg02991558_TC21",-0.105422164805865,"Never"
"cg08189186_TC21",-0.0944725620567607,"Never"
"cg00329040_TC21",-0.0792511686955704,"Never"
"cg16019434_BC21",-0.000679353711446905,"Never"
"cg04403809_TC21",0.00883434277746333,"Never"
"cg00177239_BC21",-0.0473062334206045,"Never"
"cg01980311_TC21",-0.0237678133930815,"Never"
"cg01307615_TC21",0.128355890399938,"Never"
"cg22539182_TC21",-0.00380173924681866,"Never"
"cg04421679_TC21",-0.0784433855076604,"Never"
"cg12828729_BC21",-0.0251200171992989,"Never"
"cg01694939_BC21",0.0769880534638833,"Never"
"cg19922871_TC21",-0.117838225460577,"Never"
"cg25395505_TC21",0.0873727365750182,"Never"
"cg10310274_TC21",-0.0359067689909897,"Never"
"cg01000422_BC21",-0.356153348373244,"Never"
"cg14380586_TC21",-0.0526800829936689,"Never"
"cg03613339_BC21",0.270877459399434,"Never"
"cg13798384_BC21",-0.64508643808303,"Never"
"cg18956562_TC21",-0.0239031752305989,"Never"
"cg19034636_TC21",0.0387773675070577,"Never"
"cg27580375_BC21",-0.461151815596631,"Never"
"cg11735846_TC21",-0.132452735426934,"Never"
"cg10644206_BC21",0.526936627467016,"Never"
"cg02463253_TC21",0.336441822178806,"Never"
"cg04275695_TC21",-1.21339935961141,"Never"
"cg04279411_BC21",0.0470272106876671,"Never"
"cg14071650_TC21",-0.469136820097523,"Never"
"cg03388172_BC21",-0.377901889923978,"Never"
"cg06623918_TC21",-0.529394484392704,"Never"
"cg06845774_TC21",-0.0144562503825911,"Never"
"cg26337868_TC21",-0.0118276761639166,"Never"
"cg14829814_BC21",-0.0923087167890482,"Never"
"cg02367892_BC21",0.213345354378251,"Never"
"cg06663310_BC21",0.0219203308272251,"Never"
"cg02841000_TC21",-0.130228553288658,"Never"
"cg17057719_TC21",-0.0108096742948514,"Never"
"cg04399994_BC21",0.0527057270250087,"Never"
"cg04436818_TC21",0.0992516500001811,"Never"
"cg23117796_TC21",-0.144750820665802,"Never"
"cg01084990_BC21",-0.236377568737796,"Never"
"cg01127320_BC21",0.106845936115819,"Never"
"cg01218414_TC21",-0.03148243384243,"Never"
"cg11471507_BC21",0.0101076205914434,"Never"
"cg01355392_TC21",-0.0748555783129187,"Never"
"cg03692228_TC21",0.0531596888658899,"Never"
"cg22927302_BC21",-0.167428174096164,"Never"
"cg03365267_BC21",-0.257039888198602,"Never"
"cg03373530_TC21",0.0527118302987563,"Never"
"cg14054283_TC21",-0.0134244545749868,"Never"
"cg00509485_BC21",0.0122426136465978,"Never"
"cg00572266_BC21",-0.0748788966659807,"Never"
"cg00589850_TC21",-0.121254386497028,"Never"
"cg05150327_BC21",0.0800375209749689,"Never"
"cg05172655_BC21",0.111239226984736,"Never"
"cg19051608_BC21",0.253699275401635,"Never"
"cg22120488_BC21",-0.0166009744509323,"Never"
"cg27646699_BC21",0.09108144711126,"Never"
"cg05777690_BC21",0.0832310417048442,"Never"
"cg07328209_BC21",1.55681097588856,"Never"
"cg24714094_BC21",-0.387694614955758,"Never"
"cg27193726_BC21",0.0815790578497013,"Never"
"cg00829269_TC21",-0.00757722547568234,"Never"
"cg18334734_BC21",-0.149915698094007,"Never"
"cg05655089_TC21",0.0320627158001398,"Never"
"cg24350475_BC21",-0.352202654467206,"Never"
"cg10465028_BC21",0.147863667436447,"Never"
"cg07459252_TC21",-0.0745649374921551,"Never"
"cg07599136_BC21",-0.0437307170602279,"Never"
"cg10047845_BC21",0.0720023231345237,"Never"
"cg19823504_TC21",1.13555579042434,"Never"
"cg19925872_BC21",-0.322718508249499,"Never"
"cg06537575_TC21",-0.177837707951682,"Never"
"cg10887280_TC21",0.218603489220542,"Never"
"cg26920902_BC21",-1.82554423225407,"Never"
"cg23605797_TC21",-0.0118030579996958,"Never"
"cg00952642_BC21",0.00725007643886042,"Never"
"cg12779438_BC21",0.187320105662673,"Never"
"cg12854458_TC21",-0.0314885115500387,"Never"
"cg13640225_TC21",0.151126555967993,"Never"
"cg17248487_BC21",-0.226192061638334,"Never"
"cg15933914_BC21",-0.21174570440894,"Never"
"cg01073837_TC21",-0.28978729154115,"Never"
"cg20979737_TC21",-0.0503295074216575,"Never"
"cg22942751_BC21",-0.313791297696107,"Never"
"cg10707081_BC21",-0.0519983415080597,"Never"
"cg04853571_BC21",-0.108194013155629,"Never"
"cg21693015_TC21",-0.513549228224867,"Never"
"cg07187723_BC21",-0.00961715677778355,"Never"
"cg22033281_BC21",-0.0918193326121114,"Never"
"cg05765580_TC21",-0.0170719059516412,"Never"
"cg05512735_TC21",-0.023313093531324,"Never"
"cg00722041_TC21",-0.0350671658486385,"Never"
"cg06974143_TC21",-0.00365431521908912,"Never"
"cg24018756_TC21",0.0177402792611286,"Never"
"cg24056153_TC21",-1.31652713405878,"Never"
"cg18900812_BC21",0.100725577549769,"Never"
"cg00530438_TC21",-0.00938469839770111,"Never"
"cg11613735_TC21",0.0424338784484272,"Never"
"cg16204357_BC21",0.0192997180988222,"Never"
"cg25786525_BC21",0.0436359203994649,"Never"
"cg05230392_TC21",-0.00629011206054216,"Never"
"cg05338083_TC21",2.51962843419968,"Never"
"cg01183586_BC21",-1.1194593157114,"Never"
"cg01183991_BC21",-0.0623939415118248,"Never"
"cg23531488_TC21",-0.187556276798717,"Never"
"cg26420795_TC21",0.0417160647796642,"Never"
"cg14944696_BC21",-0.0988365691205193,"Never"
"cg26790627_TC21",-0.130997597747924,"Never"
"cg20543544_BC21",-0.546637723313192,"Never"
"cg21058520_TC21",0.0965459853334995,"Never"
"cg08158776_BC21",-0.0656480703495134,"Never"
"cg27305917_BC21",-0.035009478245378,"Never"
"cg05203217_TC21",-0.046890144453165,"Never"
"cg05800983_BC21",-0.0238887006609619,"Never"
"cg13751872_BC21",0.0121398476968961,"Never"
"cg07567376_BC21",-1.19175864965589,"Never"
"cg05635562_BC21",0.0854222560022377,"Never"
"cg17790928_TC21",-0.0957958522540211,"Never"
"cg15704699_BC21",-1.43966658205352,"Never"
"cg24642844_TC21",0.190088982516438,"Never"
"cg06060335_TC21",-4.94179979472659,"Never"
"cg03369828_TC21",0.791403397578363,"Never"
"cg23401684_TC21",-0.870046369997349,"Never"
"cg09361491_TC21",-0.782855035526207,"Never"
"cg24413391_TC21",-0.833068650360299,"Never"
"cg03588998_TC21",-0.535572616284575,"Never"
"cg06070445_BC21",0.0633573749630253,"Never"
"cg26499561_TC21",0.00165442901174894,"Never"
"cg09178190_BC21",-0.0678101221432046,"Never"
"cg11794956_BC21",0.0139539389319811,"Never"
"cg00692367_TC21",0.065104713311473,"Never"
"cg26370062_TC21",-0.526484224240977,"Never"
"cg23121170_BC21",0.0155579724707283,"Never"
"cg08143038_BC21",0.289100653173601,"Never"
"cg23294353_TC21",-0.100479120981138,"Never"
"cg07947745_BC21",-0.110937244852278,"Never"
"cg01993685_TC21",-0.250405871022944,"Never"
"cg09826056_BC21",0.0795871126347054,"Never"
"cg21970789_TC21",-0.154234602641475,"Never"
"cg26467949_TC21",0.00167839315944317,"Never"
"cg13279476_BC21",-0.0602117557672454,"Never"
"cg13957538_TC21",-0.228486061174632,"Never"
"cg16397176_BC21",-0.026546290787574,"Never"
"cg15934674_TC21",-0.497331967319447,"Never"
"cg23105419_TC21",0.294931332480874,"Never"
"cg19022978_BC21",0.35182052776836,"Never"
"cg00018524_BC21",-3.12527894319447,"Never"
"cg11339964_BC21",-0.020205789892443,"Never"
"cg16443014_TC21",-0.0574646271068459,"Never"
"cg01663008_TC21",-0.156305743107265,"Never"
"cg10583942_TC21",0.00444893714023299,"Never"
"cg24677472_TC21",1.82555671601718,"Never"
"cg26495357_BC21",0.0170714804536422,"Never"
"cg22669787_TC21",-0.25389025274315,"Never"
"cg21285062_TC21",-0.665172823586395,"Never"
"cg05428436_TC21",-0.0689890447356902,"Never"
"cg06264984_TC21",-0.313858853568072,"Never"
"cg11953164_TC21",-0.225122464333322,"Never"
"cg13485889_TC21",1.42592665168467,"Never"
"cg05936875_TC21",0.226900419498752,"Never"
"cg15006772_TC21",0.0406767568515804,"Never"
"cg26781166_TC21",0.146717764565637,"Never"
"cg12270119_TC21",-0.0351155673127275,"Never"
"cg11341440_BC21",-0.440841105065726,"Never"
"cg19000468_BC21",-0.0494946034516382,"Never"
"cg00355799_BC21",0.118880386665398,"Never"
"cg23015920_TC21",-0.0394384360584465,"Never"
"cg00652274_TC21",0.0327364438540444,"Never"
"cg07837187_BC21",0.087865000118029,"Never"
"cg00217225_TC21",0.106451017043933,"Never"
"cg00108038_BC21",0.727859093531864,"Never"
"cg11278107_TC21",-0.107384677296949,"Never"
"cg19822263_BC21",0.21012745476907,"Never"
"cg14780132_TC21",-0.165228178589134,"Never"
"cg07184807_TC21",0.0676551301323907,"Never"
"cg18592365_TC21",-0.128878596885574,"Never"
"cg07603239_TC21",-0.552121394290192,"Never"
"cg26518431_TC21",-0.226781165775952,"Never"
"cg05039749_TC21",-0.0860565873743831,"Never"
"cg17678224_TC21",-0.576483535476555,"Never"
"cg08089354_TC21",0.160628944068319,"Never"
"cg18081430_BC21",2.89888899107245,"Never"
"cg03790236_TC21",0.512340399683552,"Never"
"cg27568631_TC21",2.10031607140199,"Never"
"cg23523765_BC21",0.25428248289544,"Never"
"cg22842048_TC21",0.0617234723732322,"Never"
"cg10290679_BC21",0.56849398536895,"Never"
"cg25739835_TC21",-0.359806707792769,"Never"
"cg09930743_BC21",0.0324650420126949,"Never"
"cg17937438_TC21",-0.204337855326113,"Never"
"cg21040069_TC21",-1.0661322246894,"Never"
"cg22082267_BC21",-0.0164472928350252,"Never"
"cg09192801_BC21",-0.0674791523640601,"Never"
"cg25361663_TC21",-1.16167019003546,"Never"
"cg10623219_BC21",-0.323387248228561,"Never"
"cg11520985_BC21",0.426833013956813,"Never"
"cg05729015_TC21",-0.243122031512805,"Never"
"cg00334542_TC21",1.67633928139498,"Never"
"cg15735157_TC21",0.0204767803640546,"Never"
"cg01625222_TC21",0.224841614317419,"Never"
"cg07178733_TC21",-0.113734064778813,"Never"
"cg25257522_BC21",1.47891009929372,"Never"
"cg02255938_TC21",0.00978225403233392,"Never"
"cg18714224_TC21",0.261058059317193,"Never"
"cg19381814_BC21",-0.850238836815896,"Never"
"cg11585893_TC21",-0.0283071470848441,"Never"
"cg16874077_TC21",-0.220011683609109,"Never"
"cg03985630_TC21",0.0714391757835168,"Never"
"cg00045910_BC21",0.00225377492255497,"Never"
"cg13552831_TC21",0.078307633651792,"Never"
"cg19151665_BC21",1.18522717844625,"Never"
"cg19479373_TC21",-0.000617385286423374,"Never"
"cg18037578_TC21",-0.314982089920542,"Never"
"cg03416812_TC21",-0.242947905056216,"Never"
"cg01298356_TC21",3.58990869348006,"Never"
"cg03935729_BC21",-0.118426829099273,"Never"
"cg16278329_BC21",-0.0626811889939375,"Never"
"cg03870856_TC21",2.03238528945261,"Never"
"cg04910970_TC21",-0.00444902941531563,"Never"
"cg06631810_BC21",-0.508854979097597,"Never"
"cg03008093_BC21",0.183018971883776,"Never"
"cg02500231_TC21",-0.00544339986981848,"Never"
"cg09946915_BC21",-0.108774558490476,"Never"
"cg24956109_TC21",1.6402999185951,"Never"
"cg01247788_BC21",0.360909570703236,"Never"
"cg08799809_TC21",0.0247244251935557,"Never"
"cg21160062_BC21",0.0419405727245578,"Never"
"cg06094238_TC21",0.0952321014677595,"Never"
"cg14235574_BC21",0.0804053501529515,"Never"
"cg09548420_TC21",0.0665927946552494,"Never"
"cg02530222_TC21",-0.167530558684974,"Never"
"cg03411938_BC21",-0.0518103750212835,"Never"
"cg07537095_BC21",-0.0751973462342338,"Never"
"cg13839439_TC21",-0.114791436542796,"Never"
"cg09781168_BC21",0.375337485680345,"Never"
"cg12090430_BC21",0.103204962439604,"Never"
"cg08903780_TC21",0.115556799490653,"Never"
"cg03383382_BC21",-0.347258836580399,"Never"
"cg08826843_TC21",-0.301129989529493,"Never"
"cg14470998_BC21",-0.152744044593784,"Never"
"cg25846339_TC21",-0.660582027787814,"Never"
"cg09744068_BC21",0.0653489470833151,"Never"
"cg24968291_TC21",0.0223883729911871,"Never"
"cg21284524_BC21",-0.135432402571031,"Never"
"cg26057104_BC21",0.0976109318363385,"Never"
"cg02388468_TC21",-0.00178725272517724,"Never"
"cg18582010_TC21",-0.387788537454796,"Never"
"cg22510814_BC21",0.0485735808887964,"Never"
"cg06596943_TC21",0.115881240999119,"Never"
"cg17237460_TC21",-0.510846660060494,"Never"
"cg24524057_TC21",0.0242785074984154,"Never"
"cg01274524_TC21",0.296204979853804,"Never"
"cg00934120_BC21",-0.0571843595510145,"Never"
"cg14223966_TC21",-0.0473651635485102,"Never"
"cg11288764_BC21",-0.0123852071504558,"Never"
"cg13761321_TC21",-0.0366963819842026,"Never"
"cg18555073_BC21",-0.16847414057943,"Never"
"cg10859192_BC21",-0.143836825387784,"Never"
"cg20732198_TC21",0.00458508859642344,"Never"
"cg25824218_BC21",-0.0290874527464648,"Never"
"cg02256047_TC21",0.390183809439774,"Never"
"cg27563968_BC21",0.070043317244312,"Never"
"cg15754499_TC21",0.229774177742678,"Never"
"cg00087963_BC21",-0.089752387647872,"Never"
"cg20020844_TC21",0.0361030250597928,"Never"
"cg09986353_BC21",0.0703501188865105,"Never"
"cg27178191_TC21",-1.146611030531,"Never"
"cg14525390_BC21",-0.230444071536005,"Never"
"cg25030388_TC21",-0.453432247005003,"Never"
"cg02670903_TC21",-0.14509922749772,"Never"
"cg26442607_BC21",-0.326408737116275,"Never"
"cg19886565_TC21",2.19771262883284,"Never"
"cg19577779_BC21",-1.05277886449827,"Never"
"cg21243846_TC21",0.299139774315981,"Never"
"cg05477463_TC21",-0.382347365952855,"Never"
"cg02884928_BC21",0.0723409648732072,"Never"
"cg00151170_BC21",0.00711095274141702,"Never"
"cg18823637_BC21",-0.212623111945928,"Never"
"cg10206774_TC21",0.0930715599524794,"Never"
"cg04671334_BC21",2.52561845814472,"Never"
"cg21574293_TC21",-2.07913201371889,"Never"
"cg16908257_BC21",-0.182613721741238,"Never"
"cg08848643_TC21",0.0717550165075457,"Never"
"cg26076119_TC21",0.0164553719502202,"Never"
"cg09246948_BC21",0.0271684165369997,"Never"
"cg01293532_TC21",-0.840764642789206,"Never"
"cg12321193_TC21",0.0243186544006866,"Never"
"cg24046864_BC21",-0.422541030563967,"Never"
"cg27160241_BC21",0.0105480318290987,"Never"
"cg00446807_TC21",-0.0603362608488787,"Never"
"cg17053591_BC21",-0.36017285914605,"Never"
"cg07951519_BC21",-0.614545365736236,"Never"
"cg18161904_BC21",0.0340538396994175,"Never"
"cg24973289_TC21",1.35031076253433,"Never"
"cg18524952_TC21",1.60871194259003,"Never"
"cg25008857_BC21",-0.0774043769738979,"Never"
"cg15594750_TC21",-0.351725606944952,"Never"
"cg18864479_BC21",-0.557686674804151,"Never"
"cg17261675_TC21",-0.159181800356252,"Never"
"cg01042368_TC21",-0.297800153786211,"Never"
"cg07348641_BC21",0.0593297172747758,"Never"
"cg02949067_TC21",0.0477031302545186,"Never"
"cg09782833_TC21",0.0794278965829002,"Never"
"cg14645546_BC21",1.58569926346605,"Never"
"cg24076083_TC21",-0.0118619539463582,"Never"
"cg24290616_BC21",-0.212502229203013,"Never"
"cg02997394_TC21",0.390723032845817,"Never"
"cg05262224_BC21",-0.172097478100419,"Never"
"cg21434046_TC21",-0.161185493363814,"Never"
"cg03209384_TC21",-0.384255278183073,"Never"
"cg24868790_BC21",1.82893607312186,"Never"
"cg05842480_BC21",-0.0581188825780974,"Never"
"cg19271242_TC21",0.537417818482932,"Never"
"cg06036941_BC21",-0.0645745852078894,"Never"
"cg24997703_TC21",-0.175492163047055,"Never"
"cg05167468_TC21",-0.632562849809912,"Never"
"cg27423216_BC21",-0.215134367331925,"Never"
"cg22835435_BC21",0.00498828892339097,"Never"
"cg23634322_TC21",-0.142716450158945,"Never"
"cg19965023_TC21",-0.552232494844335,"Never"
"cg03573390_TC21",-0.230192840277202,"Never"
"cg02978168_TC21",0.0130876172969785,"Never"
"cg09337208_TC21",3.24455305457409,"Never"
"cg12244647_TC21",-0.00683163093308872,"Never"
"cg00780909_TC21",-1.70089352028994,"Never"
"cg13516746_BC21",-0.644826923549875,"Never"
"cg13630250_TC21",0.0140968420842392,"Never"
"cg04027059_TC21",0.00577972992045502,"Never"
"cg21122474_BC21",-0.0406332235128869,"Never"
"cg02967610_TC21",0.0144956032131601,"Never"
"cg17126882_BC21",0.0492899213219746,"Never"
"cg06871344_TC21",0.0807816263397798,"Never"
"cg20163463_TC21",0.819328249458955,"Never"
"cg09678340_TC21",0.0110727730469067,"Never"
"cg26069093_TC21",0.18132303075141,"Never"
"cg01848115_TC21",-0.0731076278187777,"Never"
"cg15683856_BC21",0.013604560375673,"Never"
"cg26620959_TC21",-0.243839070324636,"Never"
"cg21057435_TC21",0.271100798851495,"Never"
"cg21213388_BC21",0.0324752657984875,"Never"
"cg08318732_BC21",-0.0906925464690359,"Never"
"cg02264895_TC21",0.368331440195287,"Never"
"cg08441248_BC21",-0.0992232474116381,"Never"
"(Intercept)",-0.0369970643982878,"Former"
"cg14220678_BC11",-0.0694515673000046,"Former"
"cg25916188_BC11",0.225209053867451,"Former"
"cg18709349_BC11",0.560705986100441,"Former"
"cg27414571_TC11",1.63301462981364,"Former"
"cg25873934_BC11",-0.0868421396151821,"Former"
"cg17080709_BC11",-0.294480497805531,"Former"
"cg26850624_TC11",0.143835064778486,"Former"
"cg21322436_TC11",-1.04857029354279,"Former"
"cg23908305_BC11",-0.124442017737874,"Former"
"cg06644428_TC11",-2.5028251005302,"Former"
"cg05575921_BC11",0.774639409480069,"Former"
"cg13937905_BC11",-0.364542716477697,"Former"
"cg12138780_TC11",0.102255503355926,"Former"
"cg01207684_TC11",-0.272660707813837,"Former"
"cg21566642_BC11",-0.992211808136594,"Former"
"cg23708337_TC11",0.00500016710601886,"Former"
"cg27639620_TC11",-0.118292500565335,"Former"
"cg25820703_TC11",0.0737974885124619,"Former"
"cg15194935_TC11",0.0414403918766179,"Former"
"cg12584450_BC11",0.614204355293597,"Former"
"cg25074809_BC11",-0.0845706367528236,"Former"
"cg27353825_BC11",0.13158284104416,"Former"
"cg02812891_TC11",0.194729867520162,"Former"
"cg09606495_TC11",-0.0817130507913432,"Former"
"cg17046289_TC11",2.42645946060804,"Former"
"cg02448805_TC11",0.225108953877736,"Former"
"cg23643980_TC11",0.101503196289267,"Former"
"cg22328208_TC11",0.132106728790164,"Former"
"cg26746936_TC11",0.421634767338634,"Former"
"cg09289148_TC11",0.00506084718612382,"Former"
"cg25535047_TC11",-0.0236396454518422,"Former"
"cg05036635_BC11",0.237198354885362,"Former"
"cg21865150_BC11",0.0337005997568952,"Former"
"cg11537406_BC11",-0.141640934205298,"Former"
"cg09997546_TC11",0.0577393138195282,"Former"
"cg22526939_TC11",0.185307648450914,"Former"
"cg24134897_BC11",-0.0386995258403174,"Former"
"cg04130455_TC11",0.0233619252018553,"Former"
"cg10727171_TC11",-0.0424684093386757,"Former"
"cg17919152_BC11",0.0171349782651161,"Former"
"cg26767081_BC11",-0.0829166603253458,"Former"
"cg16210248_BC11",-0.00678944675265112,"Former"
"cg08713212_TC11",5.51521542648888,"Former"
"cg18877525_TC11",-0.0355195277717718,"Former"
"cg17035899_TC11",0.0757584522286112,"Former"
"cg00455450_TC11",0.371347892806445,"Former"
"cg27070162_BC11",0.00133308254951115,"Former"
"cg19025234_TC11",0.00479022647661044,"Former"
"cg22985016_BC11",-0.131672565529684,"Former"
"cg19911801_BC11",-0.166591855558902,"Former"
"cg00114084_TC11",-0.271584630868212,"Former"
"cg17335199_BC11",0.127669574212279,"Former"
"cg26316452_TC11",-0.113049546080914,"Former"
"cg06636831_BC11",0.621662891266245,"Former"
"cg26220033_TC11",2.67243284100301,"Former"
"cg05516012_BC11",0.841695164710554,"Former"
"cg05753046_TC11",0.751666952676038,"Former"
"cg02225599_BC11",0.184702035232002,"Former"
"cg04346666_BC11",-0.60246067374379,"Former"
"cg14205519_BC11",0.465772164184794,"Former"
"cg07265873_TC11",0.0612809599390158,"Former"
"cg14273401_BC11",-0.737292890603691,"Former"
"cg18460422_TC11",-0.00953279526638527,"Former"
"cg06679296_BC11",-0.0395181567125803,"Former"
"cg08898155_BC11",0.0684823947808154,"Former"
"cg14621254_TC11",0.101663411243034,"Former"
"cg24826355_BC11",-0.702961524737737,"Former"
"cg24231558_BC11",0.0213333379322658,"Former"
"cg04831806_TC11",0.010384588125905,"Former"
"cg23599460_TC11",-1.53830573070432,"Former"
"cg25982965_TC11",-0.00619481401583767,"Former"
"cg20603222_BC11",-0.0666055267814899,"Former"
"cg18531164_BC11",0.247395397141138,"Former"
"cg09423080_BC11",1.34063997060746,"Former"
"cg08151623_BC11",0.00462815751036938,"Former"
"cg04017458_TC11",0.133194376750473,"Former"
"cg21086156_TC11",-1.01669215450342,"Former"
"cg10171357_BC11",0.187220801860214,"Former"
"cg15202738_BC11",0.292755083768656,"Former"
"cg13836638_BC11",-0.00833907054531124,"Former"
"cg18183042_TC11",-0.00839439247877496,"Former"
"cg09355310_BC11",-0.691206662551438,"Former"
"cg10193870_BC11",-0.0173379742292836,"Former"
"cg14598306_BC11",-2.63814545648056,"Former"
"cg24810836_BC11",-0.720212974768993,"Former"
"cg24127748_BC11",-0.125495377522437,"Former"
"cg06856480_TC11",-0.206477217507469,"Former"
"cg17729436_BC11",-0.166689557301035,"Former"
"cg08089567_BC11",0.00562095884942479,"Former"
"cg16792202_BC11",-0.0402035121459072,"Former"
"cg02351840_BC11",0.0100602451824012,"Former"
"cg27541540_BC11",-0.341823423270232,"Former"
"cg10359929_TC11",-3.70670775636279,"Former"
"cg26940573_BC11",-0.0583867352394361,"Former"
"cg19633863_BC21",0.0161134501921097,"Former"
"cg10387416_BC21",0.143475711692954,"Former"
"cg10455133_BC21",-0.21416509723812,"Former"
"cg06819357_TC21",-0.152964835575447,"Former"
"cg14330585_BC21",0.0435100954328947,"Former"
"cg08239282_TC21",-0.049560167096852,"Former"
"cg08912155_BC21",-1.31413020922815,"Former"
"cg08688393_BC21",-0.266648648584941,"Former"
"cg13393793_TC21",0.585240594690392,"Former"
"cg04462662_TC21",0.0292182613190325,"Former"
"cg03636183_TC21",-1.29151992045523,"Former"
"cg03863149_TC21",-0.143758755421246,"Former"
"cg03919781_BC21",2.00310554808243,"Former"
"cg21717724_TC21",-0.0124925351856794,"Former"
"cg22289837_TC21",0.101150445389371,"Former"
"cg01692968_TC21",-0.608418049490701,"Former"
"cg19337279_BC21",0.097447551789967,"Former"
"cg19572487_BC21",-0.173670500167976,"Former"
"cg23771366_BC21",-0.227061636154253,"Former"
"cg14977938_BC21",0.0534114096482808,"Former"
"cg15104484_BC21",-0.639955605498676,"Former"
"cg01026009_TC21",-0.032357175616933,"Former"
"cg06690548_BC21",-0.412266126460079,"Former"
"cg06821993_TC21",0.0480686087021716,"Former"
"cg13552869_TC21",0.0688172163774403,"Former"
"cg16112050_BC21",0.0504485025159662,"Former"
"cg25949550_BC21",-1.19398689699272,"Former"
"cg25955180_TC21",0.324536405179619,"Former"
"cg05508558_TC21",0.110186565719166,"Former"
"cg13063614_BC21",0.0682445842339484,"Former"
"cg26656113_BC21",-0.0598545011762363,"Former"
"cg04481779_TC21",0.0194957049285542,"Former"
"cg13918808_TC21",0.0792446552031797,"Former"
"cg10142252_BC21",0.00363192980769141,"Former"
"cg12696750_BC21",0.08571471606095,"Former"
"cg01447660_TC21",0.0395492065656152,"Former"
"cg15410835_TC21",-0.0505311482927225,"Former"
"cg14753356_TC21",-0.380821659100275,"Former"
"cg07251887_TC21",-0.525282864646862,"Former"
"cg21649520_BC21",-0.172363425901101,"Former"
"cg09395732_TC21",0.0829462127294869,"Former"
"cg09182986_BC21",4.24290971118788,"Former"
"cg25189904_BC21",-0.649741798604881,"Former"
"cg11207515_BC21",0.00494856361846493,"Former"
"cg19859270_BC21",-1.32040505438743,"Former"
"cg03990195_BC21",-0.192767647572204,"Former"
"cg12274567_TC21",0.0911892751547164,"Former"
"cg23480021_TC21",0.290733225182371,"Former"
"cg00035347_BC21",-0.185708496450954,"Former"
"cg00143376_TC21",0.172655508291803,"Former"
"cg14654875_BC21",0.0101548463250548,"Former"
"cg24719601_BC21",0.603969484446922,"Former"
"cg11660018_BC21",-0.220559555160897,"Former"
"cg11714014_BC21",0.0670648646863946,"Former"
"cg09837977_TC21",-0.372094616372145,"Former"
"cg26703534_BC21",4.48638223442024,"Former"
"cg11333189_BC21",0.164458192808792,"Former"
"cg11540997_TC21",0.158878482350096,"Former"
"cg17860800_BC21",0.0174459244092627,"Former"
"cg00433159_BC21",0.433254724569307,"Former"
"cg00447581_TC21",-0.418560482379686,"Former"
"cg01020421_TC21",-0.0231375680973458,"Former"
"cg01020744_TC21",0.0234193139784478,"Former"
"cg02991558_TC21",-0.0317133084571546,"Former"
"cg08189186_TC21",0.0211726550425768,"Former"
"cg00329040_TC21",0.0746136266783075,"Former"
"cg16019434_BC21",0.000996732895508937,"Former"
"cg04403809_TC21",-0.00951663715080658,"Former"
"cg00177239_BC21",0.0513334040974369,"Former"
"cg01980311_TC21",0.0219472270685515,"Former"
"cg01307615_TC21",-0.129914417892486,"Former"
"cg22539182_TC21",-0.0998992047981082,"Former"
"cg04421679_TC21",0.0540162342730501,"Former"
"cg12828729_BC21",0.016720690060994,"Former"
"cg01694939_BC21",-0.230967887355144,"Former"
"cg19922871_TC21",0.130073901482538,"Former"
"cg25395505_TC21",-0.0846174438113676,"Former"
"cg10310274_TC21",0.0505833452403986,"Former"
"cg01000422_BC21",-0.294663319842774,"Former"
"cg14380586_TC21",0.0601993965784283,"Former"
"cg03613339_BC21",-0.299218237613916,"Former"
"cg13798384_BC21",0.444436172901414,"Former"
"cg18956562_TC21",0.0221346909515764,"Former"
"cg19034636_TC21",-0.053056244439883,"Former"
"cg27580375_BC21",0.514625077658481,"Former"
"cg11735846_TC21",0.159686006407023,"Former"
"cg10644206_BC21",-0.57313285309267,"Former"
"cg02463253_TC21",-0.654263911195912,"Former"
"cg04275695_TC21",0.989698179750478,"Former"
"cg04279411_BC21",-0.0398487953995186,"Former"
"cg14071650_TC21",0.332279313708695,"Former"
"cg03388172_BC21",0.466915743994931,"Former"
"cg06623918_TC21",0.870245262933723,"Former"
"cg06845774_TC21",0.0178123156838647,"Former"
"cg26337868_TC21",0.00887153768898371,"Former"
"cg14829814_BC21",0.0721427185907933,"Former"
"cg02367892_BC21",-0.227527702138558,"Former"
"cg06663310_BC21",-0.0276129543530039,"Former"
"cg02841000_TC21",0.125959384546673,"Former"
"cg17057719_TC21",0.010445336585648,"Former"
"cg04399994_BC21",-0.0469131318256953,"Former"
"cg04436818_TC21",-0.0846351207009332,"Former"
"cg23117796_TC21",0.148812195773429,"Former"
"cg01084990_BC21",0.210020950536075,"Former"
"cg01127320_BC21",-0.1162089117883,"Former"
"cg01218414_TC21",0.0301204609603299,"Former"
"cg11471507_BC21",-0.0103150405945103,"Former"
"cg01355392_TC21",0.0515668874101089,"Former"
"cg03692228_TC21",-0.0651118937108399,"Former"
"cg22927302_BC21",0.0792273161109129,"Former"
"cg03365267_BC21",0.202072241488156,"Former"
"cg03373530_TC21",-0.0671107590983686,"Former"
"cg14054283_TC21",0.0125819263840921,"Former"
"cg00509485_BC21",-0.0156392195093029,"Former"
"cg00572266_BC21",0.0556479788491454,"Former"
"cg00589850_TC21",0.131290098965816,"Former"
"cg05150327_BC21",-0.152412084495462,"Former"
"cg05172655_BC21",-0.226940751487931,"Former"
"cg19051608_BC21",-0.195931242226831,"Former"
"cg22120488_BC21",0.0163538438119335,"Former"
"cg27646699_BC21",-0.135768359423173,"Former"
"cg05777690_BC21",-0.117992441963228,"Former"
"cg07328209_BC21",-1.68895044932966,"Former"
"cg24714094_BC21",0.407631860679148,"Former"
"cg27193726_BC21",-0.112110594005141,"Former"
"cg00829269_TC21",0.00906496296147921,"Former"
"cg18334734_BC21",0.176762277805515,"Former"
"cg05655089_TC21",-0.0282941308013431,"Former"
"cg24350475_BC21",0.292562581897641,"Former"
"cg10465028_BC21",-0.183147341211041,"Former"
"cg07459252_TC21",0.106795871327841,"Former"
"cg07599136_BC21",0.024793461218008,"Former"
"cg10047845_BC21",-0.0910354669590382,"Former"
"cg19823504_TC21",-1.23686304556012,"Former"
"cg19925872_BC21",0.0936683615308989,"Former"
"cg06537575_TC21",0.0974514638407548,"Former"
"cg10887280_TC21",-0.206229913002998,"Former"
"cg26920902_BC21",1.95693866249495,"Former"
"cg23605797_TC21",0.0302108808571445,"Former"
"cg00952642_BC21",-0.008498661262326,"Former"
"cg12779438_BC21",-0.176009347315629,"Former"
"cg12854458_TC21",0.0347396120269149,"Former"
"cg13640225_TC21",-0.193844460061344,"Former"
"cg17248487_BC21",-1.50007810162937,"Former"
"cg15933914_BC21",0.158232096824561,"Former"
"cg01073837_TC21",0.309143388534601,"Former"
"cg20979737_TC21",0.0387347985245994,"Former"
"cg22942751_BC21",0.509615639080523,"Former"
"cg10707081_BC21",0.032553407883954,"Former"
"cg04853571_BC21",0.113156742753077,"Former"
"cg21693015_TC21",0.483319650260809,"Former"
"cg07187723_BC21",0.00710167006806564,"Former"
"cg22033281_BC21",0.0490343079543753,"Former"
"cg05765580_TC21",0.0187368340908209,"Former"
"cg05512735_TC21",0.0188876902722251,"Former"
"cg00722041_TC21",0.0402847248523874,"Former"
"cg06974143_TC21",0.00272110463012602,"Former"
"cg24018756_TC21",-0.0201309804317726,"Former"
"cg24056153_TC21",1.38876005352766,"Former"
"cg18900812_BC21",-0.120539625248299,"Former"
"cg00530438_TC21",0.0072412897239374,"Former"
"cg11613735_TC21",-0.0424121050260986,"Former"
"cg16204357_BC21",-0.0194155899645081,"Former"
"cg25786525_BC21",-0.0466157204664582,"Former"
"cg05230392_TC21",0.00590636116949452,"Former"
"cg05338083_TC21",-2.43553397533729,"Former"
"cg01183586_BC21",1.11395152500561,"Former"
"cg01183991_BC21",0.076726464770764,"Former"
"cg23531488_TC21",0.188327928495905,"Former"
"cg26420795_TC21",-0.0332299777761192,"Former"
"cg14944696_BC21",0.0903228601493146,"Former"
"cg26790627_TC21",0.106411703916713,"Former"
"cg20543544_BC21",0.273501945426785,"Former"
"cg21058520_TC21",-0.140913555205612,"Former"
"cg08158776_BC21",0.0757499685229439,"Former"
"cg27305917_BC21",0.0164511352372123,"Former"
"cg05203217_TC21",0.0140981424193334,"Former"
"cg05800983_BC21",0.0293948302158347,"Former"
"cg13751872_BC21",-0.017350706500826,"Former"
"cg07567376_BC21",0.678810995359908,"Former"
"cg05635562_BC21",-0.110962416515084,"Former"
"cg17790928_TC21",0.124569243226238,"Former"
"cg15704699_BC21",0.378782662435147,"Former"
"cg24642844_TC21",-0.258240666965628,"Former"
"cg06060335_TC21",6.87397948475953,"Former"
"cg03369828_TC21",-1.26955754390456,"Former"
"cg23401684_TC21",0.445453434375356,"Former"
"cg09361491_TC21",0.885542591368111,"Former"
"cg24413391_TC21",0.834624514113471,"Former"
"cg03588998_TC21",0.612356733878716,"Former"
"cg06070445_BC21",-0.0809275466875742,"Former"
"cg26499561_TC21",-0.00168421084204563,"Former"
"cg09178190_BC21",0.086198614543725,"Former"
"cg11794956_BC21",-0.0229204623382979,"Former"
"cg00692367_TC21",-0.124292607976698,"Former"
"cg26370062_TC21",0.362101251840777,"Former"
"cg23121170_BC21",-0.0198267845933871,"Former"
"cg08143038_BC21",-0.441318067656682,"Former"
"cg23294353_TC21",0.108291261680171,"Former"
"cg07947745_BC21",0.145534990273758,"Former"
"cg01993685_TC21",0.262201385125182,"Former"
"cg09826056_BC21",-0.117204024231572,"Former"
"cg21970789_TC21",0.100374633138288,"Former"
"cg26467949_TC21",-0.0030044068507754,"Former"
"cg13279476_BC21",0.0855839537196598,"Former"
"cg13957538_TC21",0.202136364914098,"Former"
"cg16397176_BC21",0.0151164084339993,"Former"
"cg15934674_TC21",0.570766493280592,"Former"
"cg23105419_TC21",-0.46597691095711,"Former"
"cg19022978_BC21",-0.392666385815427,"Former"
"cg00018524_BC21",2.67976297182452,"Former"
"cg11339964_BC21",0.0322852240434466,"Former"
"cg16443014_TC21",0.0384357088701297,"Former"
"cg01663008_TC21",0.12892890676931,"Former"
"cg10583942_TC21",-0.0110662349471161,"Former"
"cg24677472_TC21",-2.439839069763,"Former"
"cg26495357_BC21",-0.0257727111947636,"Former"
"cg22669787_TC21",0.333006406910515,"Former"
"cg21285062_TC21",0.568396929626782,"Former"
"cg05428436_TC21",0.13349748616306,"Former"
"cg06264984_TC21",0.253781114326331,"Former"
"cg11953164_TC21",0.164979165241773,"Former"
"cg13485889_TC21",-0.874600488366175,"Former"
"cg05936875_TC21",-0.245146015765678,"Former"
"cg15006772_TC21",-0.062662910150508,"Former"
"cg26781166_TC21",-0.092650505617615,"Former"
"cg12270119_TC21",0.0371767093914817,"Former"
"cg11341440_BC21",0.455613440589733,"Former"
"cg19000468_BC21",0.0655156680353029,"Former"
"cg00355799_BC21",-0.117327073302842,"Former"
"cg23015920_TC21",0.0343023594016567,"Former"
"cg00652274_TC21",-0.0388052329117641,"Former"
"cg07837187_BC21",-0.0906997521068006,"Former"
"cg00217225_TC21",-0.131770567449133,"Former"
"cg00108038_BC21",-0.820232552885294,"Former"
"cg11278107_TC21",0.113006735003184,"Former"
"cg19822263_BC21",-0.20888768489101,"Former"
"cg14780132_TC21",0.171357643633237,"Former"
"cg07184807_TC21",-0.0780316028528968,"Former"
"cg18592365_TC21",0.147357735502729,"Former"
"cg07603239_TC21",0.745250994154501,"Former"
"cg26518431_TC21",0.0623803952828232,"Former"
"cg05039749_TC21",0.106399736384451,"Former"
"cg17678224_TC21",0.462852653692219,"Former"
"cg08089354_TC21",-0.196385543575759,"Former"
"cg18081430_BC21",-2.50558008085675,"Former"
"cg03790236_TC21",-0.416259531959727,"Former"
"cg27568631_TC21",-1.51229934233001,"Former"
"cg23523765_BC21",-0.361976966889751,"Former"
"cg22842048_TC21",-0.0753604127348878,"Former"
"cg10290679_BC21",-0.735084632714216,"Former"
"cg25739835_TC21",0.426829561248324,"Former"
"cg09930743_BC21",-0.0426480056092471,"Former"
"cg17937438_TC21",0.234442045186314,"Former"
"cg21040069_TC21",0.791746678894658,"Former"
"cg22082267_BC21",0.0219873988870656,"Former"
"cg09192801_BC21",0.059090947221478,"Former"
"cg25361663_TC21",1.08428860965256,"Former"
"cg10623219_BC21",0.124338541462878,"Former"
"cg11520985_BC21",-0.366798522931031,"Former"
"cg05729015_TC21",0.158609668582822,"Former"
"cg00334542_TC21",-1.51425617983497,"Former"
"cg15735157_TC21",-0.0242041593160349,"Former"
"cg01625222_TC21",-0.229484192725891,"Former"
"cg07178733_TC21",0.106433764200287,"Former"
"cg25257522_BC21",-1.1531305459369,"Former"
"cg02255938_TC21",-0.0104467074099638,"Former"
"cg18714224_TC21",-0.211447516546835,"Former"
"cg19381814_BC21",0.879106258094481,"Former"
"cg11585893_TC21",0.0357315198612496,"Former"
"cg16874077_TC21",0.210928533296982,"Former"
"cg03985630_TC21",-0.0885269758638567,"Former"
"cg00045910_BC21",-0.00216350184315118,"Former"
"cg13552831_TC21",-0.221086211388658,"Former"
"cg19151665_BC21",-1.24529778683461,"Former"
"cg19479373_TC21",0.000457184413161648,"Former"
"cg18037578_TC21",0.34888024177422,"Former"
"cg03416812_TC21",0.204623748981366,"Former"
"cg01298356_TC21",-3.09311325860762,"Former"
"cg03935729_BC21",0.0883391493986208,"Former"
"cg16278329_BC21",0.0834687965599025,"Former"
"cg03870856_TC21",-1.68513201909862,"Former"
"cg04910970_TC21",0.00490475477041659,"Former"
"cg06631810_BC21",0.179769684266946,"Former"
"cg03008093_BC21",-0.336351535411061,"Former"
"cg02500231_TC21",0.00683062017222906,"Former"
"cg09946915_BC21",0.105775415849668,"Former"
"cg24956109_TC21",-2.11573343231578,"Former"
"cg01247788_BC21",-0.457204807111192,"Former"
"cg08799809_TC21",-0.029483899354858,"Former"
"cg21160062_BC21",-0.0417968354543624,"Former"
"cg06094238_TC21",-0.100197416435594,"Former"
"cg14235574_BC21",-0.140114333444031,"Former"
"cg09548420_TC21",-0.234279681080468,"Former"
"cg02530222_TC21",0.173540927361827,"Former"
"cg03411938_BC21",0.0352926088882609,"Former"
"cg07537095_BC21",0.0788786914409648,"Former"
"cg13839439_TC21",0.0570507730063315,"Former"
"cg09781168_BC21",-0.354261513506318,"Former"
"cg12090430_BC21",-0.123343584582026,"Former"
"cg08903780_TC21",-0.175283934056359,"Former"
"cg03383382_BC21",0.353513501462115,"Former"
"cg08826843_TC21",0.349635571123817,"Former"
"cg14470998_BC21",0.324386368890194,"Former"
"cg25846339_TC21",0.868625377519617,"Former"
"cg09744068_BC21",-0.0795241025544618,"Former"
"cg24968291_TC21",-0.0211759347713349,"Former"
"cg21284524_BC21",0.139327509487349,"Former"
"cg26057104_BC21",-0.0651004576028756,"Former"
"cg02388468_TC21",0.00138083708825523,"Former"
"cg18582010_TC21",0.116401184064969,"Former"
"cg22510814_BC21",-0.0649771614151661,"Former"
"cg06596943_TC21",-0.126220482256089,"Former"
"cg17237460_TC21",0.878697694191616,"Former"
"cg24524057_TC21",-0.0252220529230728,"Former"
"cg01274524_TC21",-0.28115223945608,"Former"
"cg00934120_BC21",0.0388320197556475,"Former"
"cg14223966_TC21",0.0748111786743224,"Former"
"cg11288764_BC21",0.0195460294105543,"Former"
"cg13761321_TC21",0.0185666104485302,"Former"
"cg18555073_BC21",0.160199937666414,"Former"
"cg10859192_BC21",0.120115142077432,"Former"
"cg20732198_TC21",-0.00675847351796642,"Former"
"cg25824218_BC21",0.0338544530858248,"Former"
"cg02256047_TC21",-0.440661007446649,"Former"
"cg27563968_BC21",-0.114288920523664,"Former"
"cg15754499_TC21",-0.357924314600018,"Former"
"cg00087963_BC21",0.0781245754348349,"Former"
"cg20020844_TC21",-0.0410614889853129,"Former"
"cg09986353_BC21",-0.109537585244276,"Former"
"cg27178191_TC21",0.509098190932949,"Former"
"cg14525390_BC21",0.237916834853154,"Former"
"cg25030388_TC21",0.467237815219819,"Former"
"cg02670903_TC21",0.166576144680517,"Former"
"cg26442607_BC21",0.236924452229075,"Former"
"cg19886565_TC21",-0.872922436876652,"Former"
"cg19577779_BC21",1.08259653962755,"Former"
"cg21243846_TC21",-0.42071802098242,"Former"
"cg05477463_TC21",0.976001588791149,"Former"
"cg02884928_BC21",-0.218386780026336,"Former"
"cg00151170_BC21",-0.00876845463000206,"Former"
"cg18823637_BC21",0.216098158663898,"Former"
"cg10206774_TC21",-0.131090316212479,"Former"
"cg04671334_BC21",-2.04982033606041,"Former"
"cg21574293_TC21",2.01621462999,"Former"
"cg16908257_BC21",0.172233892240169,"Former"
"cg08848643_TC21",-0.102866786180622,"Former"
"cg26076119_TC21",-0.0344394572802557,"Former"
"cg09246948_BC21",-0.0340802120793637,"Former"
"cg01293532_TC21",1.05070269147387,"Former"
"cg12321193_TC21",-0.0217848113942904,"Former"
"cg24046864_BC21",0.380358202678248,"Former"
"cg27160241_BC21",-0.0123421309927788,"Former"
"cg00446807_TC21",0.0376392651819437,"Former"
"cg17053591_BC21",0.295347649925476,"Former"
"cg07951519_BC21",1.05903078495778,"Former"
"cg18161904_BC21",-0.0386368904797236,"Former"
"cg24973289_TC21",-1.24045208823327,"Former"
"cg18524952_TC21",-0.902432300948137,"Former"
"cg25008857_BC21",0.0832404718062948,"Former"
"cg15594750_TC21",0.489012067982062,"Former"
"cg18864479_BC21",0.773311346916176,"Former"
"cg17261675_TC21",0.0149725086070437,"Former"
"cg01042368_TC21",0.217950071366589,"Former"
"cg07348641_BC21",-0.0654165881870825,"Former"
"cg02949067_TC21",-0.0662798056026672,"Former"
"cg09782833_TC21",-0.0955329873459849,"Former"
"cg14645546_BC21",-1.66112209356285,"Former"
"cg24076083_TC21",0.0129229589204074,"Former"
"cg24290616_BC21",0.158500768243607,"Former"
"cg02997394_TC21",-0.65121358351787,"Former"
"cg05262224_BC21",0.150519007638496,"Former"
"cg21434046_TC21",0.129924641537784,"Former"
"cg03209384_TC21",0.33473253611069,"Former"
"cg24868790_BC21",-1.0656389787157,"Former"
"cg05842480_BC21",0.0848230124119852,"Former"
"cg19271242_TC21",-0.601862696756478,"Former"
"cg06036941_BC21",0.0660920639857124,"Former"
"cg24997703_TC21",0.127390317745048,"Former"
"cg05167468_TC21",0.738646898484145,"Former"
"cg27423216_BC21",0.134210480485342,"Former"
"cg22835435_BC21",-0.00465415796671371,"Former"
"cg23634322_TC21",0.122667703106913,"Former"
"cg19965023_TC21",0.0925237311114104,"Former"
"cg03573390_TC21",0.176375384176826,"Former"
"cg02978168_TC21",-0.0135894205996429,"Former"
"cg09337208_TC21",-3.17112489730329,"Former"
"cg12244647_TC21",0.00506877129964958,"Former"
"cg00780909_TC21",1.64312040420121,"Former"
"cg13516746_BC21",0.642773170503193,"Former"
"cg13630250_TC21",-0.0142593024625276,"Former"
"cg04027059_TC21",-0.00668765737728149,"Former"
"cg21122474_BC21",0.0262339933457089,"Former"
"cg02967610_TC21",-0.0193914662118563,"Former"
"cg17126882_BC21",-0.0589531043457118,"Former"
"cg06871344_TC21",-0.0962099408562661,"Former"
"cg20163463_TC21",-1.02249359615615,"Former"
"cg09678340_TC21",-0.0388370885322757,"Former"
"cg26069093_TC21",-0.24058655930372,"Former"
"cg01848115_TC21",0.0710482930617785,"Former"
"cg15683856_BC21",-0.0177890925980089,"Former"
"cg26620959_TC21",0.249629310930452,"Former"
"cg21057435_TC21",-0.332796802779721,"Former"
"cg21213388_BC21",-0.032472079954174,"Former"
"cg08318732_BC21",0.0604171833737197,"Former"
"cg02264895_TC21",-0.541719246321295,"Former"
"cg08441248_BC21",0.0945267071170652,"Former"
"(Intercept)",7.5254298473895,"Current"
"cg14220678_BC11",-0.00221664754119478,"Current"
"cg25916188_BC11",0.0081110439430922,"Current"
"cg18709349_BC11",0.211456212380006,"Current"
"cg27414571_TC11",-0.425601069070331,"Current"
"cg25873934_BC11",0.0219658274657342,"Current"
"cg17080709_BC11",0.0185250011410633,"Current"
"cg26850624_TC11",0.0688049849562897,"Current"
"cg21322436_TC11",-0.508287432976836,"Current"
"cg23908305_BC11",0.045621480329031,"Current"
"cg06644428_TC11",-0.674955519410524,"Current"
"cg05575921_BC11",-10.8425808447451,"Current"
"cg13937905_BC11",-0.142887563522911,"Current"
"cg12138780_TC11",0.0336362372128228,"Current"
"cg01207684_TC11",0.0662527508084597,"Current"
"cg21566642_BC11",-3.73133557053254,"Current"
"cg23708337_TC11",-0.000752979716037865,"Current"
"cg27639620_TC11",-0.014493599555782,"Current"
"cg25820703_TC11",0.0257071166811074,"Current"
"cg15194935_TC11",-0.000910736613752273,"Current"
"cg12584450_BC11",0.554313734928734,"Current"
"cg25074809_BC11",0.0411185774975907,"Current"
"cg27353825_BC11",0.0238576051760482,"Current"
"cg02812891_TC11",0.203305472232475,"Current"
"cg09606495_TC11",0.0295089194625866,"Current"
"cg17046289_TC11",-0.0143645413495615,"Current"
"cg02448805_TC11",-0.0422574917644537,"Current"
"cg23643980_TC11",-0.0416468761757794,"Current"
"cg22328208_TC11",0.0275920817175763,"Current"
"cg26746936_TC11",0.298325628302093,"Current"
"cg09289148_TC11",0.00190739520922069,"Current"
"cg25535047_TC11",-0.00536641325283792,"Current"
"cg05036635_BC11",0.0122753181072934,"Current"
"cg21865150_BC11",-0.00609627750356844,"Current"
"cg11537406_BC11",0.057694233109123,"Current"
"cg09997546_TC11",0.00380832956382952,"Current"
"cg22526939_TC11",-0.0445847170219412,"Current"
"cg24134897_BC11",0.06159148654059,"Current"
"cg04130455_TC11",0.00257231120034235,"Current"
"cg10727171_TC11",0.0140040325694243,"Current"
"cg17919152_BC11",0.00343799436175731,"Current"
"cg26767081_BC11",0.0267799206107326,"Current"
"cg16210248_BC11",-0.00162308358651386,"Current"
"cg08713212_TC11",-0.902892216677963,"Current"
"cg18877525_TC11",0.0160713931929928,"Current"
"cg17035899_TC11",-0.0265819558215291,"Current"
"cg00455450_TC11",-0.025124811691078,"Current"
"cg27070162_BC11",0.000395250907836228,"Current"
"cg19025234_TC11",0.00189379199397768,"Current"
"cg22985016_BC11",0.0431179623452746,"Current"
"cg19911801_BC11",0.0950140526152061,"Current"
"cg00114084_TC11",-0.13616401237223,"Current"
"cg17335199_BC11",-0.00809748164651883,"Current"
"cg26316452_TC11",0.0455885125638313,"Current"
"cg06636831_BC11",0.141868849990928,"Current"
"cg26220033_TC11",-0.026784331398519,"Current"
"cg05516012_BC11",-0.305032016874927,"Current"
"cg05753046_TC11",0.801656493344878,"Current"
"cg02225599_BC11",0.0559557910687329,"Current"
"cg04346666_BC11",-0.100523362359726,"Current"
"cg14205519_BC11",-0.0853655705411636,"Current"
"cg07265873_TC11",0.00355031721499238,"Current"
"cg14273401_BC11",-0.0765200753700116,"Current"
"cg18460422_TC11",0.00167137179889972,"Current"
"cg06679296_BC11",0.0202115519253828,"Current"
"cg08898155_BC11",0.0171388794805411,"Current"
"cg14621254_TC11",0.081711972748097,"Current"
"cg24826355_BC11",-0.0590854921399373,"Current"
"cg24231558_BC11",-0.00740093625366058,"Current"
"cg04831806_TC11",0.00194447484162653,"Current"
"cg23599460_TC11",-0.50002553873481,"Current"
"cg25982965_TC11",0.00265713004024693,"Current"
"cg20603222_BC11",0.014400634325008,"Current"
"cg18531164_BC11",-0.0391843022080852,"Current"
"cg09423080_BC11",-0.193247160133346,"Current"
"cg08151623_BC11",-0.00104717722954687,"Current"
"cg04017458_TC11",0.00955949611595941,"Current"
"cg21086156_TC11",-0.146539049631739,"Current"
"cg10171357_BC11",-0.00266201262192289,"Current"
"cg15202738_BC11",-0.0232131815264639,"Current"
"cg13836638_BC11",-0.000902584691031408,"Current"
"cg18183042_TC11",0.00214268282625508,"Current"
"cg09355310_BC11",0.205302023330995,"Current"
"cg10193870_BC11",0.00252189598048823,"Current"
"cg14598306_BC11",0.598225733865692,"Current"
"cg24810836_BC11",0.120636822103181,"Current"
"cg24127748_BC11",0.023957984103315,"Current"
"cg06856480_TC11",0.154178902740995,"Current"
"cg17729436_BC11",0.0610087824413129,"Current"
"cg08089567_BC11",0.00230531854648831,"Current"
"cg16792202_BC11",-0.00332189339800877,"Current"
"cg02351840_BC11",0.00559467303552618,"Current"
"cg27541540_BC11",0.0866855256016409,"Current"
"cg10359929_TC11",-0.208114640386629,"Current"
"cg26940573_BC11",-0.00604348458464493,"Current"
"cg19633863_BC21",0.000301985750427795,"Current"
"cg10387416_BC21",-0.0389701829958214,"Current"
"cg10455133_BC21",0.049343906238941,"Current"
"cg06819357_TC21",0.192066858226339,"Current"
"cg14330585_BC21",0.00602917660785284,"Current"
"cg08239282_TC21",0.0167400984994275,"Current"
"cg08912155_BC21",-0.550654425765512,"Current"
"cg08688393_BC21",0.145237735375292,"Current"
"cg13393793_TC21",0.0496128193619165,"Current"
"cg04462662_TC21",-0.00944807799625794,"Current"
"cg03636183_TC21",-1.53921716853744,"Current"
"cg03863149_TC21",-0.0577565397442205,"Current"
"cg03919781_BC21",-0.373190215308259,"Current"
"cg21717724_TC21",0.00297279902022225,"Current"
"cg22289837_TC21",0.0382307792494728,"Current"
"cg01692968_TC21",0.0182134110239865,"Current"
"cg19337279_BC21",0.0454288240648183,"Current"
"cg19572487_BC21",-0.240313296635919,"Current"
"cg23771366_BC21",0.0496064390720201,"Current"
"cg14977938_BC21",0.149085827889176,"Current"
"cg15104484_BC21",-0.267902570473402,"Current"
"cg01026009_TC21",0.00304871300063569,"Current"
"cg06690548_BC21",0.200693631943505,"Current"
"cg06821993_TC21",0.0187822288504202,"Current"
"cg13552869_TC21",-0.000146346617407876,"Current"
"cg16112050_BC21",0.00573114273499338,"Current"
"cg25949550_BC21",-0.147803891836559,"Current"
"cg25955180_TC21",0.0618098618666815,"Current"
"cg05508558_TC21",0.0370580215190446,"Current"
"cg13063614_BC21",0.0866081781789107,"Current"
"cg26656113_BC21",0.00378341156077551,"Current"
"cg04481779_TC21",0.0029672518959478,"Current"
"cg13918808_TC21",0.00406001262490871,"Current"
"cg10142252_BC21",-4.78794884599131e-05,"Current"
"cg12696750_BC21",0.00464306280613154,"Current"
"cg01447660_TC21",0.0156877515520606,"Current"
"cg15410835_TC21",0.00669690786907107,"Current"
"cg14753356_TC21",-0.0200892166123586,"Current"
"cg07251887_TC21",0.133151665240227,"Current"
"cg21649520_BC21",0.0226344985400104,"Current"
"cg09395732_TC21",-0.000851184095041888,"Current"
"cg09182986_BC21",-2.18541855580434,"Current"
"cg25189904_BC21",-0.0886833481273886,"Current"
"cg11207515_BC21",0.0150830026595451,"Current"
"cg19859270_BC21",-8.410928818555,"Current"
"cg03990195_BC21",0.0635193971025287,"Current"
"cg12274567_TC21",0.0408662669908771,"Current"
"cg23480021_TC21",0.16908745831653,"Current"
"cg00035347_BC21",-0.0155244199717844,"Current"
"cg00143376_TC21",0.366102620141191,"Current"
"cg14654875_BC21",0.00589611950746922,"Current"
"cg24719601_BC21",0.00706123880600889,"Current"
"cg11660018_BC21",0.0610719784680353,"Current"
"cg11714014_BC21",0.0178223534309177,"Current"
"cg09837977_TC21",-0.452219230168569,"Current"
"cg26703534_BC21",-3.96424107902749,"Current"
"cg11333189_BC21",-0.0727735422576425,"Current"
"cg11540997_TC21",0.0739824066146261,"Current"
"cg17860800_BC21",0.0254523299415707,"Current"
"cg00433159_BC21",0.030527652987546,"Current"
"cg00447581_TC21",-0.0813522305537533,"Current"
"cg01020421_TC21",8.8855794546773e-05,"Current"
"cg01020744_TC21",-0.00196242064529507,"Current"
"cg02991558_TC21",0.13713547326302,"Current"
"cg08189186_TC21",0.0732999070141843,"Current"
"cg00329040_TC21",0.00463754201726253,"Current"
"cg16019434_BC21",-0.000317379184062031,"Current"
"cg04403809_TC21",0.000682294373343257,"Current"
"cg00177239_BC21",-0.00402717067683253,"Current"
"cg01980311_TC21",0.00182058632452999,"Current"
"cg01307615_TC21",0.00155852749254745,"Current"
"cg22539182_TC21",0.103700944044928,"Current"
"cg04421679_TC21",0.0244271512346104,"Current"
"cg12828729_BC21",0.00839932713830498,"Current"
"cg01694939_BC21",0.153979833891261,"Current"
"cg19922871_TC21",-0.0122356760219609,"Current"
"cg25395505_TC21",-0.00275529276365058,"Current"
"cg10310274_TC21",-0.0146765762494088,"Current"
"cg01000422_BC21",0.650816668216021,"Current"
"cg14380586_TC21",-0.00751931358475924,"Current"
"cg03613339_BC21",0.0283407782144809,"Current"
"cg13798384_BC21",0.200650265181618,"Current"
"cg18956562_TC21",0.00176848427902263,"Current"
"cg19034636_TC21",0.0142788769328257,"Current"
"cg27580375_BC21",-0.0534732620618509,"Current"
"cg11735846_TC21",-0.0272332709800889,"Current"
"cg10644206_BC21",0.0461962256256563,"Current"
"cg02463253_TC21",0.317822089017107,"Current"
"cg04275695_TC21",0.223701179860933,"Current"
"cg04279411_BC21",-0.0071784152881482,"Current"
"cg14071650_TC21",0.136857506388829,"Current"
"cg03388172_BC21",-0.0890138540709525,"Current"
"cg06623918_TC21",-0.340850778541021,"Current"
"cg06845774_TC21",-0.00335606530127367,"Current"
"cg26337868_TC21",0.00295613847493282,"Current"
"cg14829814_BC21",0.0201659981982552,"Current"
"cg02367892_BC21",0.0141823477603064,"Current"
"cg06663310_BC21",0.00569262352577883,"Current"
"cg02841000_TC21",0.0042691687419845,"Current"
"cg17057719_TC21",0.000364337709203442,"Current"
"cg04399994_BC21",-0.00579259519931345,"Current"
"cg04436818_TC21",-0.0146165292992479,"Current"
"cg23117796_TC21",-0.00406137510762713,"Current"
"cg01084990_BC21",0.0263566182017214,"Current"
"cg01127320_BC21",0.009362975672481,"Current"
"cg01218414_TC21",0.00136197288210014,"Current"
"cg11471507_BC21",0.000207420003066879,"Current"
"cg01355392_TC21",0.0232886909028099,"Current"
"cg03692228_TC21",0.0119522048449504,"Current"
"cg22927302_BC21",0.0882008579852511,"Current"
"cg03365267_BC21",0.0549676467104462,"Current"
"cg03373530_TC21",0.0143989287996125,"Current"
"cg14054283_TC21",0.000842528190894628,"Current"
"cg00509485_BC21",0.00339660586270506,"Current"
"cg00572266_BC21",0.0192309178168349,"Current"
"cg00589850_TC21",-0.0100357124687876,"Current"
"cg05150327_BC21",0.0723745635204929,"Current"
"cg05172655_BC21",0.115701524503195,"Current"
"cg19051608_BC21",-0.0577680331748041,"Current"
"cg22120488_BC21",0.000247130638998897,"Current"
"cg27646699_BC21",0.0446869123119122,"Current"
"cg05777690_BC21",0.0347614002583838,"Current"
"cg07328209_BC21",0.132139473441098,"Current"
"cg24714094_BC21",-0.0199372457233884,"Current"
"cg27193726_BC21",0.0305315361554397,"Current"
"cg00829269_TC21",-0.00148773748579684,"Current"
"cg18334734_BC21",-0.0268465797115085,"Current"
"cg05655089_TC21",-0.00376858499879664,"Current"
"cg24350475_BC21",0.0596400725695652,"Current"
"cg10465028_BC21",0.0352836737745942,"Current"
"cg07459252_TC21",-0.0322309338356864,"Current"
"cg07599136_BC21",0.0189372558422199,"Current"
"cg10047845_BC21",0.0190331438245148,"Current"
"cg19823504_TC21",0.101307255135779,"Current"
"cg19925872_BC21",0.229050146718602,"Current"
"cg06537575_TC21",0.080386244110927,"Current"
"cg10887280_TC21",-0.012373576217544,"Current"
"cg26920902_BC21",-0.131394430240879,"Current"
"cg23605797_TC21",-0.0184078228574486,"Current"
"cg00952642_BC21",0.00124858482346559,"Current"
"cg12779438_BC21",-0.0113107583470434,"Current"
"cg12854458_TC21",-0.00325110047687623,"Current"
"cg13640225_TC21",0.0427179040933526,"Current"
"cg17248487_BC21",1.72627016326771,"Current"
"cg15933914_BC21",0.0535136075843786,"Current"
"cg01073837_TC21",-0.0193560969934513,"Current"
"cg20979737_TC21",0.011594708897058,"Current"
"cg22942751_BC21",-0.195824341384415,"Current"
"cg10707081_BC21",0.0194449336241056,"Current"
"cg04853571_BC21",-0.0049627295974477,"Current"
"cg21693015_TC21",0.0302295779640611,"Current"
"cg07187723_BC21",0.0025154867097179,"Current"
"cg22033281_BC21",0.0427850246577363,"Current"
"cg05765580_TC21",-0.0016649281391798,"Current"
"cg05512735_TC21",0.00442540325909876,"Current"
"cg00722041_TC21",-0.00521755900374883,"Current"
"cg06974143_TC21",0.000933210588963124,"Current"
"cg24018756_TC21",0.00239070117064392,"Current"
"cg24056153_TC21",-0.072232919468882,"Current"
"cg18900812_BC21",0.0198140476985295,"Current"
"cg00530438_TC21",0.00214340867376375,"Current"
"cg11613735_TC21",-2.1773422328384e-05,"Current"
"cg16204357_BC21",0.000115871865685857,"Current"
"cg25786525_BC21",0.00297980006699345,"Current"
"cg05230392_TC21",0.000383750891047624,"Current"
"cg05338083_TC21",-0.0840944588623931,"Current"
"cg01183586_BC21",0.00550779070579439,"Current"
"cg01183991_BC21",-0.0143325232589393,"Current"
"cg23531488_TC21",-0.000771651697188756,"Current"
"cg26420795_TC21",-0.00848608700354496,"Current"
"cg14944696_BC21",0.00851370897120496,"Current"
"cg26790627_TC21",0.024585893831211,"Current"
"cg20543544_BC21",0.273135777886408,"Current"
"cg21058520_TC21",0.0443675698721117,"Current"
"cg08158776_BC21",-0.0101018981734305,"Current"
"cg27305917_BC21",0.0185583430081659,"Current"
"cg05203217_TC21",0.0327920020338317,"Current"
"cg05800983_BC21",-0.00550612955487287,"Current"
"cg13751872_BC21",0.00521085880392992,"Current"
"cg07567376_BC21",0.512947654295981,"Current"
"cg05635562_BC21",0.025540160512846,"Current"
"cg17790928_TC21",-0.0287733909722167,"Current"
"cg15704699_BC21",1.06088391961838,"Current"
"cg24642844_TC21",0.0681516844491901,"Current"
"cg06060335_TC21",-1.93217969003294,"Current"
"cg03369828_TC21",0.478154146326196,"Current"
"cg23401684_TC21",0.42459293562199,"Current"
"cg09361491_TC21",-0.102687555841907,"Current"
"cg24413391_TC21",-0.00155586375317631,"Current"
"cg03588998_TC21",-0.0767841175941428,"Current"
"cg06070445_BC21",0.0175701717245489,"Current"
"cg26499561_TC21",2.97818302966883e-05,"Current"
"cg09178190_BC21",-0.0183884924005209,"Current"
"cg11794956_BC21",0.00896652340631677,"Current"
"cg00692367_TC21",0.0591878946652258,"Current"
"cg26370062_TC21",0.1643829724002,"Current"
"cg23121170_BC21",0.00426881212265876,"Current"
"cg08143038_BC21",0.152217414483079,"Current"
"cg23294353_TC21",-0.00781214069903279,"Current"
"cg07947745_BC21",-0.0345977454214792,"Current"
"cg01993685_TC21",-0.0117955141022391,"Current"
"cg09826056_BC21",0.0376169115968673,"Current"
"cg21970789_TC21",0.0538599695031871,"Current"
"cg26467949_TC21",0.00132601369133222,"Current"
"cg13279476_BC21",-0.0253721979524145,"Current"
"cg13957538_TC21",0.0263496962605356,"Current"
"cg16397176_BC21",0.0114298823535747,"Current"
"cg15934674_TC21",-0.0734345259611456,"Current"
"cg23105419_TC21",0.171045578476238,"Current"
"cg19022978_BC21",0.0408458580470673,"Current"
"cg00018524_BC21",0.445515971369943,"Current"
"cg11339964_BC21",-0.0120794341510036,"Current"
"cg16443014_TC21",0.0190289182367161,"Current"
"cg01663008_TC21",0.0273768363379548,"Current"
"cg10583942_TC21",0.00661729780688319,"Current"
"cg24677472_TC21",0.614282353745821,"Current"
"cg26495357_BC21",0.00870123074112126,"Current"
"cg22669787_TC21",-0.0791161541673658,"Current"
"cg21285062_TC21",0.0967758939596145,"Current"
"cg05428436_TC21",-0.0645084414273694,"Current"
"cg06264984_TC21",0.0600777392417419,"Current"
"cg11953164_TC21",0.0601432990915498,"Current"
"cg13485889_TC21",-0.551326163318495,"Current"
"cg05936875_TC21",0.0182455962669259,"Current"
"cg15006772_TC21",0.0219861532989275,"Current"
"cg26781166_TC21",-0.0540672589480222,"Current"
"cg12270119_TC21",-0.0020611420787543,"Current"
"cg11341440_BC21",-0.0147723355240075,"Current"
"cg19000468_BC21",-0.0160210645836646,"Current"
"cg00355799_BC21",-0.00155331336255489,"Current"
"cg23015920_TC21",0.0051360766567899,"Current"
"cg00652274_TC21",0.0060687890577197,"Current"
"cg07837187_BC21",0.0028347519887719,"Current"
"cg00217225_TC21",0.0253195504051995,"Current"
"cg00108038_BC21",0.0923734593534305,"Current"
"cg11278107_TC21",-0.00562205770623447,"Current"
"cg19822263_BC21",-0.00123976987806024,"Current"
"cg14780132_TC21",-0.00612946504410272,"Current"
"cg07184807_TC21",0.0103764727205061,"Current"
"cg18592365_TC21",-0.0184791386171555,"Current"
"cg07603239_TC21",-0.193129599864308,"Current"
"cg26518431_TC21",0.16440077049313,"Current"
"cg05039749_TC21",-0.0203431490100683,"Current"
"cg17678224_TC21",0.113630881784339,"Current"
"cg08089354_TC21",0.0357565995074395,"Current"
"cg18081430_BC21",-0.393308910215705,"Current"
"cg03790236_TC21",-0.0960808677238238,"Current"
"cg27568631_TC21",-0.588016729071989,"Current"
"cg23523765_BC21",0.10769448399431,"Current"
"cg22842048_TC21",0.0136369403616556,"Current"
"cg10290679_BC21",0.166590647345267,"Current"
"cg25739835_TC21",-0.0670228534555574,"Current"
"cg09930743_BC21",0.0101829635965522,"Current"
"cg17937438_TC21",-0.0301041898602015,"Current"
"cg21040069_TC21",0.274385545794743,"Current"
"cg22082267_BC21",-0.00554010605204041,"Current"
"cg09192801_BC21",0.00838820514258216,"Current"
"cg25361663_TC21",0.0773815803828988,"Current"
"cg10623219_BC21",0.199048706765685,"Current"
"cg11520985_BC21",-0.0600344910257822,"Current"
"cg05729015_TC21",0.0845123629299838,"Current"
"cg00334542_TC21",-0.162083101560005,"Current"
"cg15735157_TC21",0.00372737895198045,"Current"
"cg01625222_TC21",0.00464257840847224,"Current"
"cg07178733_TC21",0.0073003005785251,"Current"
"cg25257522_BC21",-0.325779553356828,"Current"
"cg02255938_TC21",0.000664453377629855,"Current"
"cg18714224_TC21",-0.0496105427703586,"Current"
"cg19381814_BC21",-0.0288674212785786,"Current"
"cg11585893_TC21",-0.00742437277640541,"Current"
"cg16874077_TC21",0.00908315031212679,"Current"
"cg03985630_TC21",0.01708780008034,"Current"
"cg00045910_BC21",-9.02730794037825e-05,"Current"
"cg13552831_TC21",0.142778577736866,"Current"
"cg19151665_BC21",0.06007060838836,"Current"
"cg19479373_TC21",0.000160200873261725,"Current"
"cg18037578_TC21",-0.0338981518536792,"Current"
"cg03416812_TC21",0.0383241560748498,"Current"
"cg01298356_TC21",-0.496795434872436,"Current"
"cg03935729_BC21",0.0300876797006524,"Current"
"cg16278329_BC21",-0.020787607565965,"Current"
"cg03870856_TC21",-0.347253270353993,"Current"
"cg04910970_TC21",-0.000455725355100976,"Current"
"cg06631810_BC21",0.329085294830654,"Current"
"cg03008093_BC21",0.153332563527287,"Current"
"cg02500231_TC21",-0.00138722030241057,"Current"
"cg09946915_BC21",0.00299914264080811,"Current"
"cg24956109_TC21",0.475433513720667,"Current"
"cg01247788_BC21",0.0962952364079584,"Current"
"cg08799809_TC21",0.00475947416130226,"Current"
"cg21160062_BC21",-0.00014373727019526,"Current"
"cg06094238_TC21",0.00496531496783398,"Current"
"cg14235574_BC21",0.0597089832910798,"Current"
"cg09548420_TC21",0.167686886425219,"Current"
"cg02530222_TC21",-0.00601036867685292,"Current"
"cg03411938_BC21",0.0165177661330226,"Current"
"cg07537095_BC21",-0.00368134520673121,"Current"
"cg13839439_TC21",0.0577406635364646,"Current"
"cg09781168_BC21",-0.0210759721740263,"Current"
"cg12090430_BC21",0.0201386221424223,"Current"
"cg08903780_TC21",0.0597271345657058,"Current"
"cg03383382_BC21",-0.00625466488171498,"Current"
"cg08826843_TC21",-0.0485055815943244,"Current"
"cg14470998_BC21",-0.17164232429641,"Current"
"cg25846339_TC21",-0.208043349731804,"Current"
"cg09744068_BC21",0.0141751554711469,"Current"
"cg24968291_TC21",-0.00121243821985219,"Current"
"cg21284524_BC21",-0.00389510691631737,"Current"
"cg26057104_BC21",-0.032510474233463,"Current"
"cg02388468_TC21",0.000406415636922015,"Current"
"cg18582010_TC21",0.271387353389827,"Current"
"cg22510814_BC21",0.0164035805263696,"Current"
"cg06596943_TC21",0.0103392412569702,"Current"
"cg17237460_TC21",-0.367851034131122,"Current"
"cg24524057_TC21",0.000943545424657362,"Current"
"cg01274524_TC21",-0.0150527403977238,"Current"
"cg00934120_BC21",0.0183523397953671,"Current"
"cg14223966_TC21",-0.0274460151258123,"Current"
"cg11288764_BC21",-0.00716082226009855,"Current"
"cg13761321_TC21",0.0181297715356726,"Current"
"cg18555073_BC21",0.00827420291301524,"Current"
"cg10859192_BC21",0.0237216833103519,"Current"
"cg20732198_TC21",0.00217338492154296,"Current"
"cg25824218_BC21",-0.00476700033936011,"Current"
"cg02256047_TC21",0.0504771980068733,"Current"
"cg27563968_BC21",0.044245603279352,"Current"
"cg15754499_TC21",0.128150136857341,"Current"
"cg00087963_BC21",0.0116278122130372,"Current"
"cg20020844_TC21",0.00495846392552022,"Current"
"cg09986353_BC21",0.0391874663577653,"Current"
"cg27178191_TC21",0.637512839598055,"Current"
"cg14525390_BC21",-0.00747276331714946,"Current"
"cg25030388_TC21",-0.01380556821482,"Current"
"cg02670903_TC21",-0.0214769171827973,"Current"
"cg26442607_BC21",0.0894842848872008,"Current"
"cg19886565_TC21",-1.32479019195619,"Current"
"cg19577779_BC21",-0.029817675129279,"Current"
"cg21243846_TC21",0.121578246666441,"Current"
"cg05477463_TC21",-0.593654222838296,"Current"
"cg02884928_BC21",0.146045815153129,"Current"
"cg00151170_BC21",0.00165750188858505,"Current"
"cg18823637_BC21",-0.00347504671797005,"Current"
"cg10206774_TC21",0.0380187562599993,"Current"
"cg04671334_BC21",-0.475798122084331,"Current"
"cg21574293_TC21",0.0629173837288885,"Current"
"cg16908257_BC21",0.0103798295010692,"Current"
"cg08848643_TC21",0.0311117696730769,"Current"
"cg26076119_TC21",0.0179840853300355,"Current"
"cg09246948_BC21",0.00691179554236407,"Current"
"cg01293532_TC21",-0.209938048684665,"Current"
"cg12321193_TC21",-0.00253384300639604,"Current"
"cg24046864_BC21",0.0421828278857205,"Current"
"cg27160241_BC21",0.00179409916368015,"Current"
"cg00446807_TC21",0.0226969956669352,"Current"
"cg17053591_BC21",0.0648252092205755,"Current"
"cg07951519_BC21",-0.444485419221539,"Current"
"cg18161904_BC21",0.00458305078030582,"Current"
"cg24973289_TC21",-0.109858674301065,"Current"
"cg18524952_TC21",-0.706279641641901,"Current"
"cg25008857_BC21",-0.00583609483239703,"Current"
"cg15594750_TC21",-0.137286461037112,"Current"
"cg18864479_BC21",-0.215624672112026,"Current"
"cg17261675_TC21",0.144209291749209,"Current"
"cg01042368_TC21",0.0798500824196212,"Current"
"cg07348641_BC21",0.00608687091230671,"Current"
"cg02949067_TC21",0.0185766753481485,"Current"
"cg09782833_TC21",0.0161050907630846,"Current"
"cg14645546_BC21",0.0754228300967969,"Current"
"cg24076083_TC21",-0.00106100497404922,"Current"
"cg24290616_BC21",0.0540014609594064,"Current"
"cg02997394_TC21",0.260490550672054,"Current"
"cg05262224_BC21",0.0215784704619228,"Current"
"cg21434046_TC21",0.0312608518260298,"Current"
"cg03209384_TC21",0.0495227420723838,"Current"
"cg24868790_BC21",-0.763297094406161,"Current"
"cg05842480_BC21",-0.0267041298338879,"Current"
"cg19271242_TC21",0.0644448782735452,"Current"
"cg06036941_BC21",-0.00151747877782349,"Current"
"cg24997703_TC21",0.0481018453020069,"Current"
"cg05167468_TC21",-0.106084048674232,"Current"
"cg27423216_BC21",0.0809238868465827,"Current"
"cg22835435_BC21",-0.000334130956677281,"Current"
"cg23634322_TC21",0.0200487470520322,"Current"
"cg19965023_TC21",0.459708763732925,"Current"
"cg03573390_TC21",0.0538174561003763,"Current"
"cg02978168_TC21",0.000501803302664404,"Current"
"cg09337208_TC21",-0.0734281572707957,"Current"
"cg12244647_TC21",0.00176285963343914,"Current"
"cg00780909_TC21",0.0577731160887292,"Current"
"cg13516746_BC21",0.00205375304668128,"Current"
"cg13630250_TC21",0.0001624603782884,"Current"
"cg04027059_TC21",0.000907927456826492,"Current"
"cg21122474_BC21",0.0143992301671782,"Current"
"cg02967610_TC21",0.00489586299869618,"Current"
"cg17126882_BC21",0.00966318302373722,"Current"
"cg06871344_TC21",0.0154283145164863,"Current"
"cg20163463_TC21",0.203165346697197,"Current"
"cg09678340_TC21",0.0277643154853691,"Current"
"cg26069093_TC21",0.0592635285523104,"Current"
"cg01848115_TC21",0.00205933475699921,"Current"
"cg15683856_BC21",0.00418453222233596,"Current"
"cg26620959_TC21",-0.0057902406058156,"Current"
"cg21057435_TC21",0.0616960039282256,"Current"
"cg21213388_BC21",-3.18584431342018e-06,"Current"
"cg08318732_BC21",0.0302753630953167,"Current"
"cg02264895_TC21",0.173387806126008,"Current"
"cg08441248_BC21",0.00469654029457344,"Current"
